{"rect_count":2,"rectangles":[{"x":34,"y":18,"width":103,"height":121,"focus_mode":0,"icon_count":1,"icons":[{"icon_index":0,"rel_x":0.17000000178813934,"rel_y":0.34000000357627869}],"text_count":0,"texts":[]},{"x":199,"y":18,"width":111,"height":122,"focus_mode":2,"icon_count":1,"icons":[{"icon_index":5,"rel_x":0.070000000298023224,"rel_y":0.300000011920929}],"text_count":0,"texts":[]}]}